MATERIAL;COD. Fornecedor;;;;;;;;;;;;;;;;;;;;;;;;;;;;;;;
hteh;118;;;;;;;;;;;;;;;;;;;;;;;;;;;;;;;
efwe;122;;;;;;;;;;;;;;;;;;;;;;;;;;;;;;;
herth;107;;;;;;;;;;;;;;;;;;;;;;;;;;;;;;;
fdwee;102;;;;;;;;;;;;;;;;;;;;;;;;;;;;;;;
wfdw;181;;;;;;;;;;;;;;;;;;;;;;;;;;;;;;;
erw;100;;;;;;;;;;;;;;;;;;;;;;;;;;;;;;;
rher;130;;;;;;;;;;;;;;;;;;;;;;;;;;;;;;;
feg;181;;;;;;;;;;;;;;;;;;;;;;;;;;;;;;;
rhwr;182;;;;;;;;;;;;;;;;;;;;;;;;;;;;;;;
rghwrh;122;;;;;;;;;;;;;;;;;;;;;;;;;;;;;;;
rhwr;133;;;;;;;;;;;;;;;;;;;;;;;;;;;;;;;
hwrh;144;;;;;;;;;;;;;;;;;;;;;;;;;;;;;;;
rhrw;155;;;;;;;;;;;;;;;;;;;;;;;;;;;;;;;
fhf;166;;;;;;;;;;;;;;;;;;;;;;;;;;;;;;;
;;;;;;;;;;;;;;;;;;;;;;;;;;;;;;;;
;;;;;;;;;;;;;;;;;;;;;;;;;;;;;;;;
;;;;;;;;;;;;;;;;;;;;;;;;;;;;;;;;
;;;;;;;;;;;;;;;;;;;;;;;;;;;;;;;;
;;;;;;;;;;;;;;;;;;;;;;;;;;;;;;;;
;;;;;;;;;;;;;;;;;;;;;;;;;;;;;;;;
;;;;;;;;;;;;;;;;;;;;;;;;;;;;;;;;
;;;;;;;;;;;;;;;;;;;;;;;;;;;;;;;;
;;;;;;;;;;;;;;;;;;;;;;;;;;;;;;;;
;;;;;;;;;;;;;;;;;;;;;;;;;;;;;;;;
